Nome;Unidade | Conversão;20;Nível 0;Nível 1;Nível 2;Nível 3;Nível 4;Nível 5
FTO rs9939609 (Obesidade);Genótipo | A=risco T=proteção;20;AA + IMC>35;AA + IMC 30-35;AA + IMC 25-30;AT qualquer IMC;TT + IMC>25;TT + IMC<25
MC4R rs17782313 (Obesidade);Genótipo | C=risco T=proteção;20;CC + síndrome metabólica;CC sem SM;CT + obesidade;CT sem obesidade;TT + sobrepeso;TT peso normal
TCF7L2 rs7903146 (Diabetes);Genótipo | T=risco C=proteção;20;TT + diabetes;TT + pré-diabetes;TT normoglicêmico;CT + IGT;CT normoglicêmico;CC
PPARG Pro12Ala rs1801282 (Diabetes);Genótipo | Ala=proteção Pro=risco;20;Pro/Pro + diabetes + SM;Pro/Pro + diabetes;Pro/Pro + pré-diabetes;Pro/Ala + IGT;Pro/Ala normal;Ala/Ala
KCNJ11 rs5219 (Diabetes);Genótipo | T=risco C=proteção;20;TT + DCV + DRC;TT + diabetes;TT + pré-diabetes;CT + IGT;CT normal;CC
IRS1 rs1801278 (Resistência Insulina);Genótipo | Arg=risco Gly=proteção;20;Arg/Arg + SM;Arg/Arg + RI;Arg/Arg normal;Gly/Arg + RI;Gly/Arg normal;Gly/Gly
SLC30A8 rs13266634 (Diabetes);Genótipo | C=risco T=proteção;20;CC + diabetes;CC + pré-diabetes;CC normoglicêmico;CT + IGT;CT normal;TT
APOE (Alzheimer e Lipídios);Genótipo | ε4=risco ε2=proteção;20;ε4/ε4;ε3/ε4 + LDL>160;ε3/ε4 + LDL 130-160;ε3/ε3;ε2/ε3;ε2/ε2
LDLR rs688 (Colesterol LDL);Genótipo | T=risco C=proteção;20;TT + LDL>190;TT + LDL 160-190;TT + LDL 130-160;CT + LDL>130;CT + LDL<130;CC
PCSK9 rs11591147 R46L (Colesterol);Genótipo | R46L=proteção;20;;;;Não portador + LDL>190;Não portador + LDL<130;Portador R46L
FADS1 rs174546 (Ômega-3);Genótipo | T=↓conversão C=normal;20;TT + ômega-3 baixo sem supl;TT + ômega-3 baixo;TT sem suplementação;CT com suplementação;CT + ômega-3 adequado;CC
FADS2 rs174575 (Ômega-3/DHA);Genótipo | minor=↓conversão major=normal;20;minor/minor + DHA<100;minor/minor sem supl;minor/minor com supl;major/minor sem supl;major/minor + DHA>150;major/major
FABP2 Ala54Thr rs1799883 (Gordura);Genótipo | Thr=↑absorção Ala=normal;20;Thr/Thr + SM + TG>200;Thr/Thr + diabetes;Thr/Thr + TG 150-200;Ala/Thr + TG>150;Ala/Thr normal;Ala/Ala
MTHFR C677T rs1801133 (Homocisteína);Genótipo | T=risco C=normal;20;TT + Hcy>15;TT + Hcy 10-15;TT + Hcy<10 sem supl;CT + Hcy>12;CT com suplementação;CC
ACE I/D rs4646994 (Hipertensão);Genótipo | D=risco I=proteção;20;DD + HAS estágio 2;DD + HAS estágio 1;DD + pré-hipertensão;ID + HAS;ID normotenso;II
AGT rs699 M235T (Hipertensão);Genótipo | T=risco M=proteção;20;TT + HAS + DCV;TT + HAS;TT + pré-hipertensão;MT + HAS;MT normotenso;MM
NOS3 rs1799983 Glu298Asp (Hipertensão);Genótipo | Asp=risco Glu=proteção;20;Asp/Asp + HAS;Asp/Asp pré-HAS;Asp/Asp normotenso;Glu/Asp + HAS;Glu/Asp normotenso;Glu/Glu
MCM6 rs4988235 (Lactose);Genótipo | C=intolerância T=persistência;20;CC + sintomas graves;CC + sintomas moderados;CC + sintomas leves;CT assintomático;TT com laticínios;TT sem restrição
HLA-DQ2/DQ8 (Doença Celíaca);Genótipo | DQ2.5/2.2=alto risco;20;DQ2.5/DQ2.2 + DC;DQ2/DQ2 + DC;DQ2.5 ou DQ8 + sintomas;DQ2.5 ou DQ8 assint;DQ2 ou DQ8 único;Ambos ausentes
ADH1B rs1229984 Arg48His (Álcool);Genótipo | His=rápido Arg=lento;20;His/His + consumo alto;His/His + consumo moderado;Arg/His + consumo alto;Arg/His moderado;Arg/Arg abstêmio;Arg/Arg consumo leve
ALDH2 rs671 Glu504Lys (Álcool);Genótipo | Lys=deficiência;20;Lys/Lys + consumo álcool;Glu/Lys + consumo alto;Glu/Lys + consumo moderado;Glu/Lys abstêmio;Glu/Glu consumo leve;Glu/Glu abstêmio
CYP1A2 rs762551 (Cafeína);Genótipo | A=rápido C=lento;20;CC + café>4 xíc/dia;CC + café 3-4 xíc;CC + café 1-2 xíc;AC + café>3 xíc;AC + café<3 xíc;AA qualquer consumo
VDR FokI rs2228570 (Vitamina D);Genótipo | f=risco F=proteção;20;ff + 25-OH-D<20;ff + 25-OH-D 20-30;ff sem suplementação;Ff + 25-OH-D<30;Ff + 25-OH-D>30;FF
BCO1 rs6564851 (Vitamina A);Genótipo | G=↓conversão T=normal;20;GG + retinol<30 + dieta vegetal;GG + retinol 30-50;GG sem suplementação;TG + retinol<50;TG + retinol>50;TT
SLC23A1 rs33972313 (Vitamina C);Genótipo | A=↓transporte G=normal;20;AA + vit C<20 µmol/L;AA + vit C 20-40;AA sem suplementação;GA + vit C<40;GA + vit C>40;GG
SOD2 rs4880 Ala16Val (Antioxidante);Genótipo | C(Val)=variável T(Ala)=basal;20;CC + NASH;CC + esteatose;CC sem doença hepática;TC + esteatose;TC normal;TT
CAT rs1001179 -262C>T (Catalase);Genótipo | T=risco C=normal;20;TT + NASH;TT + esteatose;TT + ALT elevada;CT + esteatose;CT normal;CC
GPX1 rs1050450 Pro198Leu (Glutationa);Genótipo | Leu(T)=risco Pro(C)=normal;20;Leu/Leu + estresse oxidativo alto;Leu/Leu + biomarcadores alterados;Leu/Leu normal;Pro/Leu alterado;Pro/Leu normal;Pro/Pro
GSTM1 (Detoxificação);Genótipo | Nulo=deleção Presente=funcional;20;Nulo + GSTT1 nulo + tabagismo;Nulo + GSTT1 nulo;Nulo + exposição tóxicos;Nulo sem exposição;Presente + exposição;Presente
GSTT1 (Detoxificação);Genótipo | Nulo=deleção Presente=funcional;20;Nulo + GSTM1 nulo + tabagismo;Nulo + GSTM1 nulo;Nulo + exposição tóxicos;Nulo sem exposição;Presente + exposição;Presente
TNF rs1800629 -308G>A (Inflamação);Genótipo | A=↑TNF G=basal;20;AA + PCR>10;AA + PCR 3-10;AA + PCR<3;GA + PCR>3;GA + PCR<3;GG
IL6 rs1800795 -174G>C (Inflamação);Genótipo | Variável por população;20;CC + IL-6>10 pg/mL;CC + IL-6 5-10;CC + IL-6<5;GC + IL-6>5;GC + IL-6<5;GG
APP A673T rs63750847 (Alzheimer);Genótipo | A673T=proteção rara;20;;;;Não portador + APOE ε4/ε4;Não portador + ε3/ε3;Portador A673T
PSEN1 E280A (Alzheimer Familial);Genótipo | Mutação=AD precoce;20;E280A + sintomas;E280A assintomático >40a;E280A assintomático 30-40a;E280A assintomático <30a;;Sem mutação
PSEN2 (Alzheimer Familial);Genótipo | Mutação=AD precoce raro;20;Mutação + sintomas;Mutação assintomático >50a;Mutação assintomático <50a;;;Sem mutação
GCK (MODY2);Genótipo | Mutação=MODY2;20;Mutação + diabetes gestacional;Mutação + hiperglicemia jejum;Mutação normoglicêmico;;;Sem mutação
HNF1A (MODY3);Genótipo | Mutação=MODY3;20;Mutação + diabetes + complicações;Mutação + diabetes;Mutação + IGT;Mutação normoglicêmico;;Sem mutação
LEPR rs1137101 Gln223Arg (Obesidade);Genótipo | Arg=risco Gln=proteção;20;Arg/Arg + obesidade + leptina alta;Arg/Arg + sobrepeso;Arg/Arg peso normal;Gln/Arg + sobrepeso;Gln/Arg peso normal;Gln/Gln
POMC rs6713532 (Obesidade);Genótipo | C=risco G=proteção;20;CC + obesidade grave;CC + obesidade;CC + sobrepeso;CG + sobrepeso;CG peso normal;GG
HHEX rs1111875 (Diabetes);Genótipo | C=risco T=proteção;20;CC + diabetes tipo 2;CC + pré-diabetes;CC + RI sem diabetes;CT + IGT;CT normoglicêmico;TT
IGF2BP2 rs4402960 (Diabetes);Genótipo | T=risco G=proteção;20;TT + diabetes + complicações;TT + diabetes;TT + pré-diabetes;GT + IGT;GT normal;GG
CDKAL1 rs7754840 (Diabetes);Genótipo | C=risco G=proteção;20;CC + diabetes + neuropatia;CC + diabetes;CC + pré-diabetes;CG + IGT;CG normal;GG
HNF4A (MODY1);Genótipo | Mutação=MODY1;20;Mutação + diabetes + complicações;Mutação + diabetes;Mutação + IGT;Mutação normoglicêmico;;Sem mutação
HNF1B (MODY5);Genótipo | Mutação=MODY5;20;Mutação + diabetes + DRC;Mutação + diabetes;Mutação + alterações renais;Mutação assintomático;;Sem mutação
INS VNTR (Diabetes Tipo 1);Genótipo | Classe I=risco III=proteção;20;I/I + DM1;I/I autoanticorpos +;I/I sem autoanticorpos;I/III sem DM1;I/III ou III/III;III/III
ABCC8 rs757110 (Diabetes);Genótipo | T=risco C=proteção;20;TT + diabetes tipo 2;TT + hiperinsulinemia;TT + RI;CT + IGT;CT normal;CC
APOA5 rs662799 (Triglicerídeos);Genótipo | G=risco A=proteção;20;GG + TG>500;GG + TG 200-500;GG + TG 150-200;AG + TG>150;AG + TG<150;AA
APOA1 rs670 (HDL);Genótipo | A=risco G=proteção;20;AA + HDL<30;AA + HDL 30-40;AA + HDL 40-50;AG + HDL<50;AG + HDL>50;GG + HDL>60
APOC2 (Deficiência);Genótipo | Mutação=deficiência;20;Mutação + TG>1000;Mutação + TG 500-1000;Mutação + TG<500;;;Sem mutação
LPL rs328 (Triglicerídeos);Genótipo | X=proteção;20;;;;Não portador + TG>200;Não portador + TG<150;Portador X (S447X)
LIPC rs1800588 (HDL);Genótipo | C=↓HL T=normal;20;CC + HDL>80 + TG alto;CC + HDL>70;CC + HDL 60-70;CT + HDL<60;CT + HDL>60;TT
ABCA1 rs9282541 (HDL);Genótipo | G=↓HDL A=normal;20;GG + HDL<30;GG + HDL 30-40;GG + HDL 40-50;AG + HDL<50;AG + HDL>50;AA + HDL>60
LCAT rs5923 (HDL);Genótipo | T=↓LCAT C=normal;20;TT + HDL<30 + opacidade córnea;TT + HDL<40;TT + HDL 40-50;CT + HDL<50;CT + HDL>50;CC
GPIHBP1 (Quilomicronemia);Genótipo | Mutação=deficiência;20;Mutação + TG>1000 + pancreatite;Mutação + TG>1000;Mutação + TG 500-1000;;;Sem mutação
LMF1 (Hipertrigliceridemia);Genótipo | Mutação=deficiência parcial;20;Mutação + TG>500;Mutação + TG 200-500;Mutação + TG<200;;;Sem mutação
ADD1 rs4961 Gly460Trp (Hipertensão);Genótipo | Trp=risco Gly=proteção;20;Trp/Trp + HAS + sal alto;Trp/Trp + HAS;Trp/Trp + pré-HAS;Gly/Trp + HAS;Gly/Trp normotenso;Gly/Gly
AGTR1 rs5186 A1166C (Hipertensão);Genótipo | C=risco A=proteção;20;CC + HAS + DCV;CC + HAS;CC + pré-HAS;AC + HAS;AC normotenso;AA
CYP11B2 rs1799998 (Hipertensão);Genótipo | C=↑aldosterona T=normal;20;CC + HAS + aldosterona alta;CC + HAS;CC + pré-HAS;CT + HAS;CT normotenso;TT
GNB3 rs5443 C825T (Hipertensão);Genótipo | T=risco C=proteção;20;TT + HAS + obesidade;TT + HAS;TT + pré-HAS;CT + HAS;CT normotenso;CC
GSTP1 rs1695 Ile105Val (Detoxificação);Genótipo | Val(G)=↓atividade Ile(A)=normal;20;Val/Val + tabagismo + exposição;Val/Val + exposição tóxicos;Val/Val sem exposição;Ile/Val + exposição;Ile/Val sem exposição;Ile/Ile
EPHX1 rs1051740 Tyr113His (Detoxificação);Genótipo | His(A)=↓atividade Tyr(G)=normal;20;His/His + tabagismo;His/His + exposição química;His/His sem exposição;Tyr/His + exposição;Tyr/His sem exposição;Tyr/Tyr
CYP1A1 rs4646903 MspI (Detoxificação);Genótipo | C=↑ativação T=basal;20;CC + tabagismo ativo;CC + exposição PAH;CC + tabagismo passivo;CT + exposição;CT sem exposição;TT
NAT2 (Acetilador);Fenótipo | Lento=risco Rápido=normal;20;Lento + isoniazida sem ajuste;Lento + exposição aminas;Lento sem exposição;Intermediário + exposição;Intermediário sem exposição;Rápido
CYP2A6 rs1801272 (Nicotina);Genótipo | *1=normal *2/*4=↓atividade;20;*1/*1 + tabagismo pesado;*1/*1 + tabagismo moderado;*1/*1 + tabagismo leve;*1/*2 ou *1/*4 fumante;*1/*2 não fumante;*2/*2 ou *4/*4
IL1B rs16944 -511C>T (Inflamação);Genótipo | T=↑IL-1β C=basal;20;TT + PCR>10 + doença inflamatória;TT + PCR 3-10;TT + PCR<3;CT + PCR>3;CT + PCR<3;CC
CRP rs1130864 (Proteína C Reativa);Genótipo | A=↑CRP G=basal;20;AA + PCR>10 mg/L;AA + PCR 3-10;AA + PCR<3;AG + PCR>3;AG + PCR<3;GG
ACTN3 rs1815739 R577X (Performance);Genótipo | R=poder X=resistência;20;XX + sedentarismo;XX sem treino força;RX ou XX endurance;RR endurance;RR misto;RR velocista elite
PPARA rs4253778 (Resistência);Genótipo | G=↑resposta endurance C=basal;20;CC + sedentarismo;CC sem treino aeróbico;CC + treino misto;CG + treino aeróbico;GG sem treino;GG + treino endurance
PPARGC1A rs8192678 Gly482Ser (Metabolismo);Genótipo | Gly=↑biogênese Ser=basal;20;Ser/Ser + sedentarismo + SM;Ser/Ser + sedentarismo;Ser/Ser ativo;Gly/Ser ativo;Gly/Gly sedentário;Gly/Gly atleta
COL5A1 rs12722 (Lesão Tendão);Genótipo | T=risco C=proteção;20;TT + lesões recorrentes;TT + 1 lesão tendão/ligamento;TT sem lesão;CT + lesão;CT sem lesão;CC
SNCA rs356219 (Parkinson);Genótipo | G=risco A=proteção;20;GG + DP;GG + sintomas parkinsonianos;GG assintomático >60a;AG + sintomas leves;AG assintomático;AA
LRRK2 G2019S rs34637584 (Parkinson);Genótipo | G2019S=risco alto;20;G2019S + DP;G2019S assintomático >70a;G2019S assintomático 60-70a;G2019S assintomático <60a;;Sem mutação
PARK2 (Parkinson Precoce);Genótipo | Mutação=AR recessivo;20;Mutação bialélica + DP precoce;Mutação bialélica assintomático;Mutação monoalélica + sintomas;Mutação monoalélica assintomático;;Sem mutação
PINK1 (Parkinson Precoce);Genótipo | Mutação=AR recessivo;20;Mutação bialélica + DP precoce;Mutação bialélica assintomático;Mutação monoalélica + sintomas;Mutação monoalélica assintomático;;Sem mutação
PARK7/DJ-1 (Parkinson Precoce);Genótipo | Mutação=AR recessivo;20;Mutação bialélica + DP <40a;Mutação bialélica assintomático;Mutação monoalélica + sintomas;Mutação monoalélica assintomático;;Sem mutação
MAPT rs1467967 H1/H2 (Demência FTD);Genótipo | H1=risco H2=proteção;20;H1/H1 + DFT ou PSP;H1/H1 + declínio cognitivo;H1/H1 assintomático >60a;H1/H2 + sintomas;H1/H2 assintomático;H2/H2
GRN rs5848 (Demência FTD);Genótipo | T=↓progranulina C=normal;20;TT + DFT;TT + declínio cognitivo;TT + níveis GRN baixos;CT + níveis GRN baixos;CT normal;CC
C9orf72 (DFT/ELA);Genótipo | Expansão GGGGCC;20;Expansão + DFT ou ELA;Expansão assintomático >60a;Expansão assintomático <60a;Expansão intermediária;;Sem expansão
COL1A1 rs1800012 Sp1 (Osteoporose);Genótipo | T=risco G=proteção;20;TT + osteoporose + fraturas;TT + osteoporose;TT + osteopenia;GT + osteopenia;GT + DMO normal;GG
ESR1 rs2234693 PvuII (Osteoporose);Genótipo | C=risco T=proteção;20;CC + osteoporose + fraturas;CC + osteoporose;CC + osteopenia;CT + osteopenia;CT + DMO normal;TT
ALPL (Hipofosfatasia);Genótipo | Mutação=deficiência FA;20;Mutação bialélica + hipofosf grave;Mutação bialélica + hipofosf moderada;Mutação monoalélica + FA baixa;Mutação monoalélica + FA normal;;Sem mutação
